<?xml version="1.0" encoding="UTF-8"?>
<project-private xmlns="http://www.netbeans.org/ns/project-private/1">
    <editor-bookmarks xmlns="http://www.netbeans.org/ns/editor-bookmarks/2" lastBookmarkId="0"/>
    <open-files xmlns="http://www.netbeans.org/ns/projectui-open-files/2">
        <group>
            <file>file:/C:/Users/HP/Downloads/proyecto%20de%20softwareee/CartillaMilitar1.0/src/RegistroCartilla.java</file>
            <file>file:/C:/Users/HP/Downloads/proyecto%20de%20softwareee/CartillaMilitar1.0/src/MostrarRemiso.java</file>
            <file>file:/C:/Users/HP/Downloads/proyecto%20de%20softwareee/CartillaMilitar1.0/src/Clases/Conectar.java</file>
            <file>file:/C:/Users/HP/Downloads/proyecto%20de%20softwareee/CartillaMilitar1.0/src/Modificar.java</file>
            <file>file:/C:/Users/HP/Downloads/proyecto%20de%20softwareee/CartillaMilitar1.0/src/Clases/Querys.java</file>
            <file>file:/C:/Users/HP/Downloads/proyecto%20de%20softwareee/CartillaMilitar1.0/src/Clases/Manipula.java</file>
        </group>
    </open-files>
</project-private>
