<?xml version="1.0" encoding="UTF-8"?>
<project-private xmlns="http://www.netbeans.org/ns/project-private/1">
    <editor-bookmarks xmlns="http://www.netbeans.org/ns/editor-bookmarks/2" lastBookmarkId="0"/>
    <open-files xmlns="http://www.netbeans.org/ns/projectui-open-files/2">
        <group>
            <file>file:/Users/giselavillauribe/Desktop/CartillaMilitar1.0/src/MenúSecundario.java</file>
            <file>file:/Users/giselavillauribe/Desktop/CartillaMilitar1.0/src/CartillaMilitar.java</file>
            <file>file:/Users/giselavillauribe/Desktop/CartillaMilitar1.0/src/MostrarRemiso.java</file>
            <file>file:/Users/giselavillauribe/Desktop/CartillaMilitar1.0/src/Buscar.java</file>
            <file>file:/Users/giselavillauribe/Desktop/CartillaMilitar1.0/src/Ingresar.java</file>
            <file>file:/Users/giselavillauribe/Desktop/CartillaMilitar1.0/src/MenúPrincipal.java</file>
            <file>file:/Users/giselavillauribe/Desktop/CartillaMilitar1.0/src/Password.java</file>
            <file>file:/Users/giselavillauribe/Desktop/CartillaMilitar1.0/src/RegistroCartilla.java</file>
            <file>file:/Users/giselavillauribe/Desktop/CartillaMilitar1.0/src/Eliminar.java</file>
        </group>
    </open-files>
</project-private>
